USE KRVODAJALSKA_AKCIJA
GO

INSERT INTO POSTA(postna_st, kraj)
VALUES('3310', 'Žalec'),
('3000', 'Celje'),
('1000', 'Ljubljana'),
('6000', 'Koper'),
('4000', 'Kranj'),
('2000', 'Maribor'),
('9000', 'Murska Sobota'),
('8000', 'Novo mesto'),
('5000', 'Nova Gorica'),
('3210', 'Slovenske Konjice'),
('3212', 'Vojnik'), 
('3214', 'Zreče'),
('3220', 'Štore'),
('3230', 'Šentjur'),
('3250', 'Rogaška Slatina'),
('3270', 'Laško'),
('3272', 'Rimske Toplice'),
('3301', 'Petrovče'),
('3302', 'Griže'),
('3305', 'Vransko'),
('3311', 'Šempeter v Savinjski dolini'),
('3312', 'Prebold'),
('3313', 'Polzela'),
('3320', 'Velenje'),
('3330', 'Mozirje')

SET IDENTITY_INSERT KRVODAJALEC ON
GO

insert into KRVODAJALEC(sifra,ime,priimek,EMSO,spol,naslov,krvna_skupina,posta)
values(0,'Matej','medved','111111111111','M','Celje 1','A+ ','3000'),
(1,'Zak','Paradiznik','2222222222222','M','Konjice 81','B+ ','3210'),
(2,'Amadej','Kladnik','3333333333333','M','Maribor 12','0+ ','2000'),
(3,'Ana','Bombek','444444444444','Z','Ljubljana 8','AB+','1000'),
(4,'Banana','Bobek','4444444444587','Z','Ljubljana 178','AB-','1000'),
(5,'Adej','Nik','3333333859133','M','Maribor 182','B- ','2000'),
(6,'Matej','Dved','1258796384578','M','Celje 90','A- ','3000'),
(7,'Pak','Paradiznik','2222222228247','M','Konjice 81','AB-','3210'),
(8,'Andrej','Koren','8964333333333','M','Maribor 82','0- ','2000'),
(9,'David','Bombek','4444444448874','Z','Ljubljana 9','AB+','1000'),
(10,'Banana','Bek','4444444434987','Z','Ljubljana 2','AB-','1000'),
(11,'Tom','Jezus','3333333859133','M','Maribor 972','B- ','2000'),
(12,'Mak','Paradiznik','2222222887422','M','Konjice 81','B+ ','3210'),
(13,'Amadej','Klok','3333333337958','M','Maribor 11','0- ','2000'),
(14,'Ana','Bomba','4444444463568','Z','Ljubljana 14','AB+','1000'),
(15,'Luka','Esih','4444444447247','M','Ljubljana 15','AB-','1000'),
(16,'Nik','Bik','3333333859776','M','Maribor 92','B- ','2000'),
(17,'Vojta','Polski','4789635894712','M','Celje 22','A- ','3000'),
(18,'Rus','Ruski','2222222227834','M','Konjice 71','AB-','3210'),
(19,'Mitja','Koren','8964333333444','M','Maribor 82','0- ','2000'),
(20,'Drejc','Pesjak','4444444448224','M','Ljubljana 69','AB+','1000'),
(21,'Kolo','Zeleno','4444444438733','Z','Ljubljana 112','AB-','1000');

INSERT INTO ENOTA(sifra,naziv,naslov,telefonska_st,posta)
VALUES(0,'Poslovna cona Tezno','Maribor 3',30297868511,'2000'),
(1,'Dojaski dom SGLS','Ljubljana 19',30297877489,'1000'),
(2,'Zavod RS za transfuzijsko medicino','Ljubljana 7',30297774166,'1000'),
(3,'Os Hoce','Celje',30297875555,'3000'),
(4,'Mladinski center','Konjice 90',30297877489,'1000');


INSERT INTO TELEFON(sifra_krvodajalca,stevilka)
VALUES(0,'031-111-569'),
(1,'031-222-578'),
(2,'031-333-375'),
(3,'031-444-123'),
(4,'031-555-778'),
(5,'031-666-119'),
(6,'031-777-855'),
(7,'031-888-222'),
(8,'031-199-895'),
(9,'031-184-477'),
(11,'031-789-509'),
(12,'031-577-963'),
(13,'031-227-358'),
(14,'031-997-799'),
(15,'031-665-656'),
(16,'031-120-500'),
(17,'031-898-773'),
(18,'031-027-009'),
(19,'031-366-790'),
(20,'031-365-588'),
(21,'031-001-100');

SET DATEFORMAT dmy;  
INSERT INTO AKCIJA(datum_z,datum_k,vrsta,sifra_enote)
values('22/7/2017','25/7/2017','Redna',0),
('8/8/2017','10/8/2017','izredna',0),
('17/8/2017','20/8/2017','Redna',0),
('1/9/2017','5/9/2017','Redna',1),
('15/9/2017','20/9/2017','Redna',1),
('11/10/2017','15/10/2017','izredna',1),
('18/10/2017','23/10/2017','izredna',2),
('3/11/2017','6/11/2017','Redna',2),
('12/12/2017','18/12/2017','izredna',3),
('3/1/2017','7/1/2018','Redna',4),
('18/1/2017','18/1/2018','izredna',4),
('17/2/2017','17/2/2018','izredna',4)


insert into ODDAJA_KRVI(datum,sifra_akcije,kolicina, sifra_krvodajalca)
values('22/7/2017',0,450,0),
('25/7/2017',0,450,4),
('23/7/2017',0,350,1),
('23/7/2017',0,450,2),
('23/7/2017',0,450,3),
('23/7/2017',0,450,21),
('23/7/2017',0,450,5),
('22/7/2017',0,350,8),
('22/7/2017',0,450,9),
('22/7/2017',0,350,10),
('22/7/2017',0,350,15),
('22/7/2017',0,450,7),
('22/7/2017',0,450,18),
('22/7/2017',0,350,20),
('22/7/2017',0,350,11),


('8/8/2017',1,350,2),
('8/8/2017',1,450,7),
('8/8/2017',1,350,9),
('8/8/2017',1,450,1),
('9/8/2017',1,350,15),
('9/8/2017',1,450,17),
('9/8/2017',1,450,20),
('9/8/2017',1,450,21),
('9/8/2017',1,350,14),
('10/8/2017',1,450,13),
('10/8/2017',1,350,12),
('10/8/2017',1,350,18),
('10/8/2017',1,450,5),

('17/8/2017',2,450,5),
('17/8/2017',2,350,6),
('17/8/2017',2,450,7),
('17/8/2017',2,450,8),
('17/8/2017',2,350,9),
('19/8/2017',2,150,5),
('19/8/2017',2,350,11),
('19/8/2017',2,450,10),
('20/8/2017',2,450,0),
('20/8/2017',2,350,17),
('20/8/2017',2,450,18),

('1/9/2017',3,500,12),
('2/9/2017',3,500,20),

('15/9/2017',4,450,20),
('17/9/2017',4,350,1),
('20/9/2017',4,150,5),

('18/10/2017',6,450,14),
('20/10/2017',6,450,16),

('3/11/2017',7,450,17),
('3/11/2017',7,450,18),
('4/11/2017',7,450,20),
('6/11/2017',7,450,11),
('6/11/2017',7,450,1)

INSERT INTO ADMINI(uporabnisko_ime, kriptirano_geslo)
VALUES ('admin404', '822EEC431669F86DD8B621DF4787438CEC2772FE')